Consumer Sales	Bangalore	Karnataka	Kengeri, Bengaluru
EIGHT BY FOUR LAMINATES LLP	Hyderabad	Tamilnadu	8-3-32/8/4, Mailardevpall, , Bandlaguda Cross Road, Hyderabad  7799146952 (Hyderabad Express Cargo)
Laminate Cloud	Surat	Gujarat	5th, Near Althan Pandesara Bridge, Surat
COLOURCOATS FURNITURE PRIVATE LIMITED	Mumbai	Maharashtra	
COMFORT KITCHEN	Hubli	Karnataka	
INTERGLOBE AVIATION LIMITED(32)		Kerala	
JSK ASSOCIATES	Kannur	Kerala	
MUNEER_MICAPOINT	Kozhikode	Kerala	NEAR NSS SCHOOL THALI PUTHIYAPALAM CHALAPURAM P.O , KOZHIKODE
NANDI GLASS PLYWOOD AND HARDWARE	Bangalore	Karnataka	SY No  29, 30/1, , White Field Main Road, Siddapura
NIMBESHWARI GLASS PLYWOOD HARDWARE	Bangalore	Karnataka	SITE NO.04, SHOP NO.01,GROUND FLOOR,SIGNEHALLI VILLAGE, K.R. PURAM HOBLI,BANGALORE
PAVAN BASAVARAJ SUKALI. POOJA TRADERS MUDDEBIHAL.	Muddebihal	Karnataka	MANGALA BHAVAN VVV COMPLEX, , , TQ MUDDEBIHAL
PT LAM	Thiruvannur	Kerala	10/617, , MINI BYEPASS ROAD MANARI , THIRUVANNUR
RAJDEEP HARDWARE & PLYWOOD	Bangalore	Karnataka	45/5, GROUND FLOOR, KODIGEHALLI VILLAGE
SHARMA TRANSPORTS		Tamil Nadu	
SHIV TIMBER PLY & GLASS	Bangalore	Karnataka	SITE NO 2B, GROUND FLOOR, JARAGANAHALLI VILLAGE
Shri Harkishen Hardware		Karnataka	
SQUARE ONE DECOR	Bangalore	Karnataka	SITES NO 7 , 8 , 9, , NEELAKANTESHWRA TEMPLE ROAD, Bengaluru
