AGAC INTERIORS	ZONE 4
AKS PLYWOOD	ZONE 5
BHARATH GLASS	ZONE 5
CASA PLYWOODS	ZONE 6
CHINTAMANI HARDWARE AND PLYWOOD	ZONE 5
CREATIVE N CONCEPTS	ZONE 2
DARAGSHETTI SALES CORPORATION	ZONE 4
DOOR HOUSE	ZONE 5
EC PLY	ZONE 1
FAB ALUMINIUM LLP	ZONE 3
GEETA PLYWOOD AND HARDWARE	ZONE 6
GURURAJ PLY & HARDWARE	ZONE 4
HEERA HARDWARE	ZONE 2
HINDUSTAN HARDWARE & PLYWOOD GLASS (TOOLS)	ZONE 1
HOME DECOR (KHARA)	ZONE 2
JAY TRADERS - NEW	ZONE 2
JYOTI INTERIOR	ZONE 1
LART DECOR PRIVATE LTD	ZONE 5
LIVSPACE INDIA PRIVATE LIMITED	ZONE 2
M/s SAMBHAGGYA TRADE LINKS	ZONE 3
M/S SHIVSHAKTI PLYWOOD CENTRE	ZONE 1
Maaruthi Mineraals And Polymers	ZONE 2
MAHESH HARDWARE AND PLYWOOD	ZONE 5
MAJISA ENTERPRISES	ZONE 1
METRO PLYWOODS, KAVUMPURAM-	ZONE 5
MV INTERIORS LLP	ZONE 1
OM TIMBER	ZONE 1
PAL TRADING CO.	ZONE 1
PATIL PLYWOOD AND HARDWARE	ZONE 3
PLYDEPO ENTERPRISES PRIVATE LIMITED	ZONE 2
POORNIMA PLYWOOD POINT	ZONE 2
PORTE INTERIO	ZONE 6
PRAGATI PLY AND HARDWARE	ZONE 3
RB PLYMARKET	ZONE 4
RUSHABH INTERIOR SOLUTIONS	ZONE 3
SAI VINAYAKA SANITATION	ZONE 2
SARNESHWAR PLYWOOD HARDWARE	ZONE 2
SHREE ANJANEYA HARDWARE	ZONE 1
SHREE GEETA PLYWOOD & HARDWARE	ZONE 6
SHREE GLASS DECORATIVE	ZONE 6
SHREE PLYWOODS	ZONE 4
SHREE SHYAM PANEL PRODUCTS	ZONE 2
SWASTIK PLYWOOD AND INTERIOR	ZONE 1
TESCON MODULAR FURNITURE	ZONE 1
TULASII FURNITURE & INTERIORS	ZONE 5
Twiggr Studio LLP	ZONE 4
U & CO INTEX HUB	ZONE 6
V-THREE INTERIORS AND EXTERIORS	ZONE 5
Vinesh Enterprises	ZONE 2
